Timestamp,Category,Status,ResponseTime,RawData
2026-05-18 06:50,Video,Failed,0.219,Timeout or Error
2026-05-18 06:50,Search,Failed,0.217,Timeout or Error
2026-05-18 06:50,Channel,Failed,0.21,Timeout or Error
2026-05-18 06:50,Comments,Failed,0.209,Timeout or Error
2026-05-18 06:50,Playlist,Failed,0.212,Timeout or Error
2026-05-18 07:47,Video,Failed,0.297,Timeout or Error
2026-05-18 07:47,Search,Failed,0.294,Timeout or Error
2026-05-18 07:47,Channel,Failed,0.294,Timeout or Error
2026-05-18 07:47,Comments,Failed,0.291,Timeout or Error
2026-05-18 07:47,Playlist,Failed,0.296,Timeout or Error
2026-05-18 08:53,Video,Failed,0.289,Timeout or Error
2026-05-18 08:53,Search,Failed,0.293,Timeout or Error
2026-05-18 08:53,Channel,Failed,0.298,Timeout or Error
2026-05-18 08:53,Comments,Failed,0.3,Timeout or Error
2026-05-18 08:53,Playlist,Failed,0.302,Timeout or Error
2026-05-18 11:45,Video,Failed,0.245,Timeout or Error
2026-05-18 11:45,Search,Failed,0.245,Timeout or Error
2026-05-18 11:45,Channel,Failed,0.258,Timeout or Error
2026-05-18 11:45,Comments,Failed,0.25,Timeout or Error
2026-05-18 11:45,Playlist,Failed,0.246,Timeout or Error
2026-05-18 15:51,Video,Failed,0.251,Timeout or Error
2026-05-18 15:51,Search,Failed,0.266,Timeout or Error
2026-05-18 15:51,Channel,Failed,0.261,Timeout or Error
2026-05-18 15:51,Comments,Failed,0.267,Timeout or Error
2026-05-18 15:51,Playlist,Failed,0.267,Timeout or Error
2026-05-18 20:02,Video,Failed,0.224,Timeout or Error
2026-05-18 20:02,Search,Failed,0.213,Timeout or Error
2026-05-18 20:02,Channel,Failed,0.212,Timeout or Error
2026-05-18 20:02,Comments,Failed,0.214,Timeout or Error
2026-05-18 20:02,Playlist,Failed,0.217,Timeout or Error
2026-05-19 00:16,Video,Failed,0.346,Timeout or Error
2026-05-19 00:16,Search,Failed,0.346,Timeout or Error
2026-05-19 00:16,Channel,Failed,0.351,Timeout or Error
2026-05-19 00:16,Comments,Failed,0.34,Timeout or Error
2026-05-19 00:16,Playlist,Failed,0.36,Timeout or Error
2026-05-19 02:54,Video,Failed,0.21,Timeout or Error
2026-05-19 02:54,Search,Failed,0.209,Timeout or Error
2026-05-19 02:54,Channel,Failed,0.217,Timeout or Error
2026-05-19 02:54,Comments,Failed,0.216,Timeout or Error
2026-05-19 02:54,Playlist,Failed,0.209,Timeout or Error
2026-05-19 04:38,Video,Failed,0.211,Timeout or Error
2026-05-19 04:38,Search,Failed,0.211,Timeout or Error
2026-05-19 04:38,Channel,Failed,0.21,Timeout or Error
2026-05-19 04:38,Comments,Failed,0.211,Timeout or Error
2026-05-19 04:38,Playlist,Failed,0.21,Timeout or Error
2026-05-19 06:05,Video,Failed,0.224,Timeout or Error
2026-05-19 06:05,Search,Failed,0.205,Timeout or Error
2026-05-19 06:05,Channel,Failed,0.212,Timeout or Error
2026-05-19 06:05,Comments,Failed,0.208,Timeout or Error
2026-05-19 06:05,Playlist,Failed,0.218,Timeout or Error
2026-05-19 07:54,Video,Failed,0.239,Timeout or Error
2026-05-19 07:54,Search,Failed,0.239,Timeout or Error
2026-05-19 07:54,Channel,Failed,0.244,Timeout or Error
2026-05-19 07:54,Comments,Failed,0.245,Timeout or Error
2026-05-19 07:54,Playlist,Failed,0.245,Timeout or Error
2026-05-19 09:00,Video,Failed,0.217,Timeout or Error
2026-05-19 09:00,Search,Failed,0.218,Timeout or Error
2026-05-19 09:00,Channel,Failed,0.218,Timeout or Error
2026-05-19 09:00,Comments,Failed,0.218,Timeout or Error
2026-05-19 09:00,Playlist,Failed,0.218,Timeout or Error
2026-05-19 13:55,Video,Failed,0.211,Timeout or Error
2026-05-19 13:55,Search,Failed,0.218,Timeout or Error
2026-05-19 13:55,Channel,Failed,0.219,Timeout or Error
2026-05-19 13:55,Comments,Failed,0.211,Timeout or Error
2026-05-19 13:55,Playlist,Failed,0.209,Timeout or Error
2026-05-19 17:22,Video,Failed,0.215,Timeout or Error
2026-05-19 17:22,Search,Failed,0.206,Timeout or Error
2026-05-19 17:22,Channel,Failed,0.215,Timeout or Error
2026-05-19 17:22,Comments,Failed,0.208,Timeout or Error
2026-05-19 17:22,Playlist,Failed,0.21,Timeout or Error
2026-05-19 20:57,Video,Failed,0.214,Timeout or Error
2026-05-19 20:57,Search,Failed,0.216,Timeout or Error
2026-05-19 20:57,Channel,Failed,0.217,Timeout or Error
2026-05-19 20:57,Comments,Failed,0.217,Timeout or Error
2026-05-19 20:57,Playlist,Failed,0.216,Timeout or Error
2026-05-20 00:21,Video,Failed,0.215,Timeout or Error
2026-05-20 00:21,Search,Failed,0.215,Timeout or Error
2026-05-20 00:21,Channel,Failed,0.22,Timeout or Error
2026-05-20 00:21,Comments,Failed,0.212,Timeout or Error
2026-05-20 00:21,Playlist,Failed,0.209,Timeout or Error
2026-05-20 02:59,Video,Failed,0.212,Timeout or Error
2026-05-20 02:59,Search,Failed,0.207,Timeout or Error
2026-05-20 02:59,Channel,Failed,0.208,Timeout or Error
2026-05-20 02:59,Comments,Failed,0.206,Timeout or Error
2026-05-20 02:59,Playlist,Failed,0.21,Timeout or Error
2026-05-20 04:59,Video,Failed,0.22,Timeout or Error
2026-05-20 04:59,Search,Failed,0.216,Timeout or Error
2026-05-20 04:59,Channel,Failed,0.212,Timeout or Error
2026-05-20 04:59,Comments,Failed,0.209,Timeout or Error
2026-05-20 04:59,Playlist,Failed,0.218,Timeout or Error
2026-05-20 06:25,Video,Failed,0.216,Timeout or Error
2026-05-20 06:25,Search,Failed,0.212,Timeout or Error
2026-05-20 06:25,Channel,Failed,0.211,Timeout or Error
2026-05-20 06:25,Comments,Failed,0.21,Timeout or Error
2026-05-20 06:25,Playlist,Failed,0.214,Timeout or Error
2026-05-20 07:59,Video,Failed,0.212,Timeout or Error
2026-05-20 07:59,Search,Failed,0.21,Timeout or Error
2026-05-20 07:59,Channel,Failed,0.21,Timeout or Error
2026-05-20 07:59,Comments,Failed,0.209,Timeout or Error
2026-05-20 07:59,Playlist,Failed,0.21,Timeout or Error
2026-05-20 09:11,Video,Failed,0.211,Timeout or Error
2026-05-20 09:11,Search,Failed,0.21,Timeout or Error
2026-05-20 09:11,Channel,Failed,0.21,Timeout or Error
2026-05-20 09:11,Comments,Failed,0.21,Timeout or Error
2026-05-20 09:11,Playlist,Failed,0.21,Timeout or Error
2026-05-20 13:59,Video,Failed,0.219,Timeout or Error
2026-05-20 13:59,Search,Failed,0.211,Timeout or Error
2026-05-20 13:59,Channel,Failed,0.209,Timeout or Error
2026-05-20 13:59,Comments,Failed,0.209,Timeout or Error
2026-05-20 13:59,Playlist,Failed,0.209,Timeout or Error
2026-05-20 17:30,Video,Failed,0.355,Timeout or Error
2026-05-20 17:30,Search,Failed,0.337,Timeout or Error
2026-05-20 17:30,Channel,Failed,0.36,Timeout or Error
2026-05-20 17:30,Comments,Failed,0.358,Timeout or Error
2026-05-20 17:30,Playlist,Failed,0.354,Timeout or Error
2026-05-20 20:45,Video,Failed,0.245,Timeout or Error
2026-05-20 20:45,Search,Failed,0.246,Timeout or Error
2026-05-20 20:45,Channel,Failed,0.246,Timeout or Error
2026-05-20 20:45,Comments,Failed,0.251,Timeout or Error
2026-05-20 20:45,Playlist,Failed,0.246,Timeout or Error
2026-05-20 23:48,Video,Failed,0.35,Timeout or Error
2026-05-20 23:48,Search,Failed,0.354,Timeout or Error
2026-05-20 23:48,Channel,Failed,0.353,Timeout or Error
2026-05-20 23:48,Comments,Failed,0.357,Timeout or Error
2026-05-20 23:48,Playlist,Failed,0.343,Timeout or Error
2026-05-21 02:51,Video,Failed,0.222,Timeout or Error
2026-05-21 02:51,Search,Failed,0.218,Timeout or Error
2026-05-21 02:51,Channel,Failed,0.223,Timeout or Error
2026-05-21 02:51,Comments,Failed,0.222,Timeout or Error
2026-05-21 02:51,Playlist,Failed,0.223,Timeout or Error
2026-05-21 05:06,Video,Failed,0.215,Timeout or Error
2026-05-21 05:06,Search,Failed,0.209,Timeout or Error
2026-05-21 05:06,Channel,Failed,0.209,Timeout or Error
2026-05-21 05:06,Comments,Failed,0.214,Timeout or Error
2026-05-21 05:06,Playlist,Failed,0.209,Timeout or Error
2026-05-21 07:21,Video,Failed,0.247,Timeout or Error
2026-05-21 07:21,Search,Failed,0.25,Timeout or Error
2026-05-21 07:21,Channel,Failed,0.239,Timeout or Error
2026-05-21 07:21,Comments,Failed,0.248,Timeout or Error
2026-05-21 07:21,Playlist,Failed,0.237,Timeout or Error
2026-05-21 09:02,Video,Failed,0.325,Timeout or Error
2026-05-21 09:02,Search,Failed,0.326,Timeout or Error
2026-05-21 09:02,Channel,Failed,0.314,Timeout or Error
2026-05-21 09:02,Comments,Failed,0.318,Timeout or Error
2026-05-21 09:02,Playlist,Failed,0.325,Timeout or Error
2026-05-21 14:05,Video,Failed,0.209,Timeout or Error
2026-05-21 14:05,Search,Failed,0.208,Timeout or Error
2026-05-21 14:05,Channel,Failed,0.208,Timeout or Error
2026-05-21 14:05,Comments,Failed,0.213,Timeout or Error
2026-05-21 14:05,Playlist,Failed,0.207,Timeout or Error
2026-05-21 18:28,Video,Failed,0.297,Timeout or Error
2026-05-21 18:28,Search,Failed,0.305,Timeout or Error
2026-05-21 18:28,Channel,Failed,0.297,Timeout or Error
2026-05-21 18:28,Comments,Failed,0.3,Timeout or Error
2026-05-21 18:28,Playlist,Failed,0.296,Timeout or Error
2026-05-21 21:41,Video,Failed,0.21,Timeout or Error
2026-05-21 21:41,Search,Failed,0.21,Timeout or Error
2026-05-21 21:41,Channel,Failed,0.213,Timeout or Error
2026-05-21 21:41,Comments,Failed,0.215,Timeout or Error
2026-05-21 21:41,Playlist,Failed,0.209,Timeout or Error
2026-05-22 01:13,Video,Failed,0.345,Timeout or Error
2026-05-22 01:13,Search,Failed,0.348,Timeout or Error
2026-05-22 01:13,Channel,Failed,0.349,Timeout or Error
2026-05-22 01:13,Comments,Failed,0.343,Timeout or Error
2026-05-22 01:13,Playlist,Failed,0.344,Timeout or Error
2026-05-22 03:56,Video,Failed,0.355,Timeout or Error
2026-05-22 03:56,Search,Failed,0.335,Timeout or Error
2026-05-22 03:56,Channel,Failed,0.35,Timeout or Error
2026-05-22 03:56,Comments,Failed,0.338,Timeout or Error
2026-05-22 03:56,Playlist,Failed,0.351,Timeout or Error
2026-05-22 05:50,Video,Failed,0.248,Timeout or Error
2026-05-22 05:50,Search,Failed,0.249,Timeout or Error
2026-05-22 05:50,Channel,Failed,0.249,Timeout or Error
2026-05-22 05:50,Comments,Failed,0.253,Timeout or Error
2026-05-22 05:50,Playlist,Failed,0.249,Timeout or Error
2026-05-22 07:16,Video,Failed,0.21,Timeout or Error
2026-05-22 07:16,Search,Failed,0.209,Timeout or Error
2026-05-22 07:16,Channel,Failed,0.21,Timeout or Error
2026-05-22 07:16,Comments,Failed,0.215,Timeout or Error
2026-05-22 07:16,Playlist,Failed,0.211,Timeout or Error
2026-05-22 08:57,Video,Failed,0.346,Timeout or Error
2026-05-22 08:57,Search,Failed,0.342,Timeout or Error
2026-05-22 08:57,Channel,Failed,0.341,Timeout or Error
2026-05-22 08:57,Comments,Failed,0.361,Timeout or Error
2026-05-22 08:57,Playlist,Failed,0.342,Timeout or Error
2026-05-22 12:38,Video,Failed,0.343,Timeout or Error
2026-05-22 12:38,Search,Failed,0.343,Timeout or Error
2026-05-22 12:38,Channel,Failed,0.35,Timeout or Error
2026-05-22 12:38,Comments,Failed,0.351,Timeout or Error
2026-05-22 12:38,Playlist,Failed,0.342,Timeout or Error
2026-05-22 16:39,Video,Failed,0.215,Timeout or Error
2026-05-22 16:39,Search,Failed,0.215,Timeout or Error
2026-05-22 16:39,Channel,Failed,0.208,Timeout or Error
2026-05-22 16:39,Comments,Failed,0.218,Timeout or Error
2026-05-22 16:39,Playlist,Failed,0.211,Timeout or Error
2026-05-22 19:44,Video,Failed,0.27,Timeout or Error
2026-05-22 19:44,Search,Failed,0.271,Timeout or Error
2026-05-22 19:44,Channel,Failed,0.269,Timeout or Error
2026-05-22 19:44,Comments,Failed,0.277,Timeout or Error
2026-05-22 19:44,Playlist,Failed,0.268,Timeout or Error
2026-05-22 22:27,Video,Failed,0.254,Timeout or Error
2026-05-22 22:27,Search,Failed,0.256,Timeout or Error
2026-05-22 22:27,Channel,Failed,0.257,Timeout or Error
2026-05-22 22:27,Comments,Failed,0.276,Timeout or Error
2026-05-22 22:27,Playlist,Failed,0.28,Timeout or Error
2026-05-23 01:20,Video,Failed,0.257,Timeout or Error
2026-05-23 01:20,Search,Failed,0.236,Timeout or Error
2026-05-23 01:20,Channel,Failed,0.254,Timeout or Error
2026-05-23 01:20,Comments,Failed,0.243,Timeout or Error
2026-05-23 01:20,Playlist,Failed,0.238,Timeout or Error
2026-05-23 03:50,Video,Failed,0.255,Timeout or Error
2026-05-23 03:50,Search,Failed,0.256,Timeout or Error
2026-05-23 03:50,Channel,Failed,0.256,Timeout or Error
2026-05-23 03:50,Comments,Failed,0.255,Timeout or Error
2026-05-23 03:50,Playlist,Failed,0.264,Timeout or Error
2026-05-23 05:29,Video,Failed,0.208,Timeout or Error
2026-05-23 05:29,Search,Failed,0.211,Timeout or Error
2026-05-23 05:29,Channel,Failed,0.207,Timeout or Error
2026-05-23 05:29,Comments,Failed,0.216,Timeout or Error
2026-05-23 05:29,Playlist,Failed,0.21,Timeout or Error
2026-05-23 07:02,Video,Failed,0.209,Timeout or Error
2026-05-23 07:02,Search,Failed,0.209,Timeout or Error
2026-05-23 07:02,Channel,Failed,0.209,Timeout or Error
2026-05-23 07:02,Comments,Failed,0.212,Timeout or Error
2026-05-23 07:02,Playlist,Failed,0.208,Timeout or Error
2026-05-23 09:00,Video,Failed,0.286,Timeout or Error
2026-05-23 09:00,Search,Failed,0.299,Timeout or Error
2026-05-23 09:00,Channel,Failed,0.295,Timeout or Error
2026-05-23 09:00,Comments,Failed,0.29,Timeout or Error
2026-05-23 09:00,Playlist,Failed,0.287,Timeout or Error
2026-05-23 13:34,Video,Failed,0.21,Timeout or Error
2026-05-23 13:34,Search,Failed,0.21,Timeout or Error
2026-05-23 13:34,Channel,Failed,0.219,Timeout or Error
2026-05-23 13:34,Comments,Failed,0.214,Timeout or Error
2026-05-23 13:34,Playlist,Failed,0.218,Timeout or Error
2026-05-23 16:27,Video,Failed,0.213,Timeout or Error
2026-05-23 16:27,Search,Failed,0.214,Timeout or Error
2026-05-23 16:27,Channel,Failed,0.214,Timeout or Error
2026-05-23 16:27,Comments,Failed,0.218,Timeout or Error
2026-05-23 16:27,Playlist,Failed,0.212,Timeout or Error
2026-05-23 18:45,Video,Failed,0.234,Timeout or Error
2026-05-23 18:45,Search,Failed,0.247,Timeout or Error
2026-05-23 18:45,Channel,Failed,0.248,Timeout or Error
2026-05-23 18:45,Comments,Failed,0.239,Timeout or Error
2026-05-23 18:45,Playlist,Failed,0.233,Timeout or Error
2026-05-23 20:05,Video,Failed,0.206,Timeout or Error
2026-05-23 20:05,Search,Failed,0.207,Timeout or Error
2026-05-23 20:05,Channel,Failed,0.209,Timeout or Error
2026-05-23 20:05,Comments,Failed,0.213,Timeout or Error
2026-05-23 20:05,Playlist,Failed,0.209,Timeout or Error
2026-05-23 22:12,Video,Failed,0.339,Timeout or Error
2026-05-23 22:12,Search,Failed,0.338,Timeout or Error
2026-05-23 22:12,Channel,Failed,0.327,Timeout or Error
2026-05-23 22:12,Comments,Failed,0.342,Timeout or Error
2026-05-23 22:12,Playlist,Failed,0.336,Timeout or Error
2026-05-23 23:56,Video,Failed,0.21,Timeout or Error
2026-05-23 23:56,Search,Failed,0.21,Timeout or Error
2026-05-23 23:56,Channel,Failed,0.206,Timeout or Error
2026-05-23 23:56,Comments,Failed,0.214,Timeout or Error
2026-05-23 23:56,Playlist,Failed,0.208,Timeout or Error
2026-05-24 00:59,Video,Failed,0.284,Timeout or Error
2026-05-24 00:59,Search,Failed,0.276,Timeout or Error
2026-05-24 00:59,Channel,Failed,0.278,Timeout or Error
2026-05-24 00:59,Comments,Failed,0.289,Timeout or Error
2026-05-24 00:59,Playlist,Failed,0.282,Timeout or Error
2026-05-24 02:10,Video,Failed,0.212,Timeout or Error
2026-05-24 02:10,Search,Failed,0.211,Timeout or Error
2026-05-24 02:10,Channel,Failed,0.211,Timeout or Error
2026-05-24 02:10,Comments,Failed,0.215,Timeout or Error
2026-05-24 02:10,Playlist,Failed,0.211,Timeout or Error
2026-05-24 04:01,Video,Failed,0.21,Timeout or Error
2026-05-24 04:01,Search,Failed,0.21,Timeout or Error
2026-05-24 04:01,Channel,Failed,0.212,Timeout or Error
2026-05-24 04:01,Comments,Failed,0.216,Timeout or Error
2026-05-24 04:01,Playlist,Failed,0.21,Timeout or Error
2026-05-24 05:41,Video,Failed,0.308,Timeout or Error
2026-05-24 05:41,Search,Failed,0.316,Timeout or Error
2026-05-24 05:41,Channel,Failed,0.307,Timeout or Error
2026-05-24 05:41,Comments,Failed,0.31,Timeout or Error
2026-05-24 05:41,Playlist,Failed,0.302,Timeout or Error
2026-05-24 06:49,Video,Failed,0.24,Timeout or Error
2026-05-24 06:49,Search,Failed,0.24,Timeout or Error
2026-05-24 06:49,Channel,Failed,0.232,Timeout or Error
2026-05-24 06:49,Comments,Failed,0.241,Timeout or Error
2026-05-24 06:49,Playlist,Failed,0.232,Timeout or Error
2026-05-24 07:46,Video,Failed,0.241,Timeout or Error
2026-05-24 07:46,Search,Failed,0.241,Timeout or Error
2026-05-24 07:46,Channel,Failed,0.233,Timeout or Error
2026-05-24 07:46,Comments,Failed,0.236,Timeout or Error
2026-05-24 07:46,Playlist,Failed,0.237,Timeout or Error
2026-05-24 08:52,Video,Failed,0.21,Timeout or Error
2026-05-24 08:52,Search,Failed,0.21,Timeout or Error
2026-05-24 08:52,Channel,Failed,0.21,Timeout or Error
2026-05-24 08:52,Comments,Failed,0.214,Timeout or Error
2026-05-24 08:52,Playlist,Failed,0.214,Timeout or Error
2026-05-24 11:43,Video,Failed,0.31,Timeout or Error
2026-05-24 11:43,Search,Failed,0.31,Timeout or Error
2026-05-24 11:43,Channel,Failed,0.31,Timeout or Error
2026-05-24 11:43,Comments,Failed,0.313,Timeout or Error
2026-05-24 11:43,Playlist,Failed,0.311,Timeout or Error
2026-05-24 15:32,Video,Failed,0.249,Timeout or Error
2026-05-24 15:32,Search,Failed,0.246,Timeout or Error
2026-05-24 15:32,Channel,Failed,0.238,Timeout or Error
2026-05-24 15:32,Comments,Failed,0.245,Timeout or Error
2026-05-24 15:32,Playlist,Failed,0.246,Timeout or Error
2026-05-24 18:17,Video,Failed,0.208,Timeout or Error
2026-05-24 18:17,Search,Failed,0.209,Timeout or Error
2026-05-24 18:17,Channel,Failed,0.209,Timeout or Error
2026-05-24 18:17,Comments,Failed,0.215,Timeout or Error
2026-05-24 18:17,Playlist,Failed,0.209,Timeout or Error
2026-05-24 20:11,Video,Failed,0.21,Timeout or Error
2026-05-24 20:11,Search,Failed,0.21,Timeout or Error
2026-05-24 20:11,Channel,Failed,0.21,Timeout or Error
2026-05-24 20:11,Comments,Failed,0.213,Timeout or Error
2026-05-24 20:11,Playlist,Failed,0.206,Timeout or Error
2026-05-24 22:12,Video,Failed,0.303,Timeout or Error
2026-05-24 22:12,Search,Failed,0.321,Timeout or Error
2026-05-24 22:12,Channel,Failed,0.308,Timeout or Error
2026-05-24 22:12,Comments,Failed,0.31,Timeout or Error
2026-05-24 22:12,Playlist,Failed,0.321,Timeout or Error
2026-05-24 23:58,Video,Failed,0.206,Timeout or Error
2026-05-24 23:58,Search,Failed,0.207,Timeout or Error
2026-05-24 23:58,Channel,Failed,0.207,Timeout or Error
2026-05-24 23:58,Comments,Failed,0.214,Timeout or Error
2026-05-24 23:58,Playlist,Failed,0.21,Timeout or Error
2026-05-25 01:02,Video,Failed,0.337,Timeout or Error
2026-05-25 01:02,Search,Failed,0.336,Timeout or Error
2026-05-25 01:02,Channel,Failed,0.337,Timeout or Error
2026-05-25 01:02,Comments,Failed,0.33,Timeout or Error
2026-05-25 01:02,Playlist,Failed,0.327,Timeout or Error
2026-05-25 02:54,Video,Failed,0.303,Timeout or Error
2026-05-25 02:54,Search,Failed,0.308,Timeout or Error
2026-05-25 02:54,Channel,Failed,0.308,Timeout or Error
2026-05-25 02:54,Comments,Failed,0.322,Timeout or Error
2026-05-25 02:54,Playlist,Failed,0.309,Timeout or Error
2026-05-25 04:08,Video,Failed,0.256,Timeout or Error
2026-05-25 04:08,Search,Failed,0.269,Timeout or Error
2026-05-25 04:08,Channel,Failed,0.254,Timeout or Error
2026-05-25 04:08,Comments,Failed,0.261,Timeout or Error
2026-05-25 04:08,Playlist,Failed,0.256,Timeout or Error
2026-05-25 05:48,Video,Failed,0.209,Timeout or Error
2026-05-25 05:48,Search,Failed,0.211,Timeout or Error
2026-05-25 05:48,Channel,Failed,0.211,Timeout or Error
2026-05-25 05:48,Comments,Failed,0.213,Timeout or Error
2026-05-25 05:48,Playlist,Failed,0.207,Timeout or Error
2026-05-25 06:51,Video,Failed,0.21,Timeout or Error
2026-05-25 06:51,Search,Failed,0.208,Timeout or Error
2026-05-25 06:51,Channel,Failed,0.211,Timeout or Error
2026-05-25 06:51,Comments,Failed,0.215,Timeout or Error
2026-05-25 06:51,Playlist,Failed,0.209,Timeout or Error
2026-05-25 07:52,Video,Failed,0.34,Timeout or Error
2026-05-25 07:52,Search,Failed,0.244,Timeout or Error
2026-05-25 07:52,Channel,Failed,0.296,Timeout or Error
2026-05-25 07:52,Comments,Failed,0.273,Timeout or Error
2026-05-25 07:52,Playlist,Failed,0.303,Timeout or Error
2026-05-25 08:55,Video,Failed,0.318,Timeout or Error
2026-05-25 08:55,Search,Failed,0.334,Timeout or Error
2026-05-25 08:55,Channel,Failed,0.327,Timeout or Error
2026-05-25 08:55,Comments,Failed,0.345,Timeout or Error
2026-05-25 08:55,Playlist,Failed,0.337,Timeout or Error
2026-05-25 11:54,Video,Failed,0.456,Timeout or Error
2026-05-25 11:54,Search,Failed,0.003,Timeout or Error
2026-05-25 11:54,Channel,Failed,0.004,Timeout or Error
2026-05-25 11:54,Comments,Failed,0.003,Timeout or Error
2026-05-25 11:54,Playlist,Failed,0.004,Timeout or Error
2026-05-25 16:09,Video,Failed,0.212,Timeout or Error
2026-05-25 16:09,Search,Failed,0.298,Timeout or Error
2026-05-25 16:09,Channel,Failed,0.35,Timeout or Error
2026-05-25 16:09,Comments,Failed,0.004,Timeout or Error
2026-05-25 16:09,Playlist,Failed,0.366,Timeout or Error
2026-05-25 20:48,Video,Failed,0.269,Timeout or Error
2026-05-25 20:48,Search,Failed,0.326,Timeout or Error
2026-05-25 20:48,Channel,Failed,0.319,Timeout or Error
2026-05-25 20:48,Comments,Failed,0.323,Timeout or Error
2026-05-25 20:48,Playlist,Failed,0.304,Timeout or Error
2026-05-25 23:43,Video,Failed,0.004,Timeout or Error
2026-05-25 23:43,Search,Failed,0.459,Timeout or Error
2026-05-25 23:43,Channel,Failed,0.454,Timeout or Error
2026-05-25 23:43,Comments,Failed,0.004,Timeout or Error
2026-05-25 23:43,Playlist,Failed,0.445,Timeout or Error
2026-05-26 02:03,Video,Failed,0.473,Timeout or Error
2026-05-26 02:03,Search,Failed,0.483,Timeout or Error
2026-05-26 02:03,Channel,Failed,0.807,Timeout or Error
2026-05-26 02:03,Comments,Failed,0.004,Timeout or Error
2026-05-26 02:03,Playlist,Failed,0.004,Timeout or Error
2026-05-26 04:21,Video,Failed,0.004,Timeout or Error
2026-05-26 04:21,Search,Failed,0.363,Timeout or Error
2026-05-26 04:21,Channel,Failed,0.004,Timeout or Error
2026-05-26 04:21,Comments,Failed,0.321,Timeout or Error
2026-05-26 04:21,Playlist,Failed,0.116,Timeout or Error
2026-05-26 06:00,Video,Failed,0.335,Timeout or Error
2026-05-26 06:00,Search,Failed,0.229,Timeout or Error
2026-05-26 06:00,Channel,Failed,0.346,Timeout or Error
2026-05-26 06:00,Comments,Failed,0.277,Timeout or Error
2026-05-26 06:00,Playlist,Failed,0.006,Timeout or Error
2026-05-26 07:54,Video,Failed,0.342,Timeout or Error
2026-05-26 07:54,Search,Failed,0.344,Timeout or Error
2026-05-26 07:54,Channel,Failed,0.003,Timeout or Error
2026-05-26 07:54,Comments,Failed,0.485,Timeout or Error
2026-05-26 07:54,Playlist,Failed,0.004,Timeout or Error
2026-05-26 09:00,Video,Failed,0.003,Timeout or Error
2026-05-26 09:00,Search,Failed,0.345,Timeout or Error
2026-05-26 09:00,Channel,Failed,0.332,Timeout or Error
2026-05-26 09:00,Comments,Failed,0.335,Timeout or Error
2026-05-26 09:00,Playlist,Failed,0.329,Timeout or Error
2026-05-26 13:58,Video,Failed,0.306,Timeout or Error
2026-05-26 13:58,Search,Failed,0.299,Timeout or Error
2026-05-26 13:58,Channel,Failed,0.339,Timeout or Error
2026-05-26 13:58,Comments,Failed,0.247,Timeout or Error
2026-05-26 13:58,Playlist,Failed,0.358,Timeout or Error
2026-05-26 17:33,Video,Failed,0.314,Timeout or Error
2026-05-26 17:33,Search,Failed,0.329,Timeout or Error
2026-05-26 17:33,Channel,Failed,0.341,Timeout or Error
2026-05-26 17:33,Comments,Failed,0.004,Timeout or Error
2026-05-26 17:33,Playlist,Failed,0.326,Timeout or Error
2026-05-27 00:50,Video,Failed,0.49,Timeout or Error
2026-05-27 00:50,Search,Failed,0.398,Timeout or Error
2026-05-27 00:50,Channel,Failed,0.541,Timeout or Error
2026-05-27 00:50,Comments,Failed,0.497,Timeout or Error
2026-05-27 00:50,Playlist,Failed,0.468,Timeout or Error
2026-05-27 03:21,Video,Failed,0.42,Timeout or Error
2026-05-27 03:21,Search,Failed,0.45,Timeout or Error
2026-05-27 03:21,Channel,Failed,0.489,Timeout or Error
2026-05-27 03:21,Comments,Failed,0.443,Timeout or Error
2026-05-27 03:21,Playlist,Failed,0.005,Timeout or Error
2026-05-27 05:51,Video,Failed,0.263,Timeout or Error
2026-05-27 05:51,Search,Failed,0.283,Timeout or Error
2026-05-27 05:51,Channel,Failed,0.004,Timeout or Error
2026-05-27 05:51,Comments,Failed,0.317,Timeout or Error
2026-05-27 05:51,Playlist,Failed,0.459,Timeout or Error
2026-05-27 07:16,Video,Failed,0.321,Timeout or Error
2026-05-27 07:16,Search,Failed,0.329,Timeout or Error
2026-05-27 07:16,Channel,Failed,0.004,Timeout or Error
2026-05-27 07:16,Comments,Failed,0.334,Timeout or Error
2026-05-27 07:16,Playlist,Failed,0.003,Timeout or Error
2026-05-27 08:59,Video,Failed,0.447,Timeout or Error
2026-05-27 08:59,Search,Failed,0.422,Timeout or Error
2026-05-27 08:59,Channel,Failed,0.354,Timeout or Error
2026-05-27 08:59,Comments,Failed,0.351,Timeout or Error
2026-05-27 08:59,Playlist,Failed,0.427,Timeout or Error
2026-05-27 13:24,Video,Failed,0.453,Timeout or Error
2026-05-27 13:24,Search,Failed,0.148,Timeout or Error
2026-05-27 13:24,Channel,Failed,0.452,Timeout or Error
2026-05-27 13:24,Comments,Failed,0.004,Timeout or Error
2026-05-27 13:24,Playlist,Failed,0.004,Timeout or Error
2026-05-27 17:36,Video,Failed,0.37,Timeout or Error
2026-05-27 17:36,Search,Failed,0.37,Timeout or Error
2026-05-27 17:36,Channel,Failed,0.004,Timeout or Error
2026-05-27 17:36,Comments,Failed,0.382,Timeout or Error
2026-05-27 17:36,Playlist,Failed,0.003,Timeout or Error
2026-05-28 01:33,Video,Failed,0.393,Timeout or Error
2026-05-28 01:33,Search,Failed,0.395,Timeout or Error
2026-05-28 01:33,Channel,Failed,0.141,Timeout or Error
2026-05-28 01:33,Comments,Failed,0.004,Timeout or Error
2026-05-28 01:33,Playlist,Failed,0.294,Timeout or Error
2026-05-28 04:19,Video,Failed,0.35,Timeout or Error
2026-05-28 04:19,Search,Failed,0.474,Timeout or Error
2026-05-28 04:19,Channel,Failed,0.005,Timeout or Error
2026-05-28 04:19,Comments,Failed,0.199,Timeout or Error
2026-05-28 04:19,Playlist,Failed,0.256,Timeout or Error
2026-05-28 06:48,Video,Failed,0.392,Timeout or Error
2026-05-28 06:48,Search,Failed,0.402,Timeout or Error
2026-05-28 06:48,Channel,Failed,0.541,Timeout or Error
2026-05-28 06:48,Comments,Failed,0.004,Timeout or Error
2026-05-28 06:48,Playlist,Failed,0.474,Timeout or Error
2026-05-28 08:12,Video,Failed,0.392,Timeout or Error
2026-05-28 08:12,Search,Failed,0.004,Timeout or Error
2026-05-28 08:12,Channel,Failed,0.48,Timeout or Error
2026-05-28 08:12,Comments,Failed,0.401,Timeout or Error
2026-05-28 08:12,Playlist,Failed,0.004,Timeout or Error
2026-05-28 11:38,Video,Failed,0.004,Timeout or Error
2026-05-28 11:38,Search,Failed,0.403,Timeout or Error
2026-05-28 11:38,Channel,Failed,0.004,Timeout or Error
2026-05-28 11:38,Comments,Failed,0.004,Timeout or Error
2026-05-28 11:38,Playlist,Failed,0.007,Timeout or Error
2026-05-28 15:50,Video,Failed,0.341,Timeout or Error
2026-05-28 15:50,Search,Failed,0.005,Timeout or Error
2026-05-28 15:50,Channel,Failed,0.414,Timeout or Error
2026-05-28 15:50,Comments,Failed,0.006,Timeout or Error
2026-05-28 15:50,Playlist,Failed,0.007,Timeout or Error
2026-05-28 19:50,Video,Failed,0.395,Timeout or Error
2026-05-28 19:50,Search,Failed,4.51,Timeout or Error
2026-05-28 19:50,Channel,Failed,0.601,Timeout or Error
2026-05-28 19:50,Comments,Failed,0.493,Timeout or Error
2026-05-28 19:50,Playlist,Failed,0.178,Timeout or Error
2026-05-28 23:33,Video,Failed,0.375,Timeout or Error
2026-05-28 23:33,Search,Failed,0.39,Timeout or Error
2026-05-28 23:33,Channel,Failed,0.149,Timeout or Error
2026-05-28 23:33,Comments,Failed,0.004,Timeout or Error
2026-05-28 23:33,Playlist,Failed,0.004,Timeout or Error
2026-05-29 03:01,Video,Failed,0.342,Timeout or Error
2026-05-29 03:01,Search,Failed,0.004,Timeout or Error
2026-05-29 03:01,Channel,Failed,0.431,Timeout or Error
2026-05-29 03:01,Comments,Failed,0.45,Timeout or Error
2026-05-29 03:01,Playlist,Failed,0.439,Timeout or Error
2026-05-29 06:04,Video,Failed,0.286,Timeout or Error
2026-05-29 06:04,Search,Failed,0.327,Timeout or Error
2026-05-29 06:04,Channel,Failed,0.005,Timeout or Error
2026-05-29 06:04,Comments,Failed,0.363,Timeout or Error
2026-05-29 06:04,Playlist,Failed,0.005,Timeout or Error
2026-05-29 08:09,Video,Failed,0.424,Timeout or Error
2026-05-29 08:09,Search,Failed,0.426,Timeout or Error
2026-05-29 08:09,Channel,Failed,0.004,Timeout or Error
2026-05-29 08:09,Comments,Failed,0.149,Timeout or Error
2026-05-29 08:09,Playlist,Failed,0.47,Timeout or Error
2026-05-29 11:41,Video,Failed,0.273,Timeout or Error
2026-05-29 11:41,Search,Failed,0.297,Timeout or Error
2026-05-29 11:41,Channel,Failed,0.004,Timeout or Error
2026-05-29 11:41,Comments,Failed,0.272,Timeout or Error
2026-05-29 11:41,Playlist,Failed,0.302,Timeout or Error
2026-05-29 15:49,Video,Failed,0.511,Timeout or Error
2026-05-29 15:49,Search,Failed,0.004,Timeout or Error
2026-05-29 15:49,Channel,Failed,0.509,Timeout or Error
2026-05-29 15:49,Comments,Failed,0.169,Timeout or Error
2026-05-29 15:49,Playlist,Failed,0.004,Timeout or Error
2026-05-29 19:40,Video,Failed,0.284,Timeout or Error
2026-05-29 19:40,Search,Failed,0.36,Timeout or Error
2026-05-29 19:40,Channel,Failed,0.305,Timeout or Error
2026-05-29 19:40,Comments,Failed,0.291,Timeout or Error
2026-05-29 19:40,Playlist,Failed,0.343,Timeout or Error
2026-05-29 22:54,Video,Failed,0.148,Timeout or Error
2026-05-29 22:54,Search,Failed,0.23,Timeout or Error
2026-05-29 22:54,Channel,Failed,0.276,Timeout or Error
2026-05-29 22:54,Comments,Failed,0.321,Timeout or Error
2026-05-29 22:54,Playlist,Failed,0.005,Timeout or Error
2026-05-30 02:30,Video,Failed,0.164,Timeout or Error
2026-05-30 02:30,Search,Failed,0.338,Timeout or Error
2026-05-30 02:30,Channel,Failed,0.461,Timeout or Error
2026-05-30 02:30,Comments,Failed,0.484,Timeout or Error
2026-05-30 02:30,Playlist,Failed,0.397,Timeout or Error
2026-05-30 05:12,Video,Failed,0.307,Timeout or Error
2026-05-30 05:12,Search,Failed,0.315,Timeout or Error
2026-05-30 05:12,Channel,Failed,0.005,Timeout or Error
2026-05-30 05:12,Comments,Failed,0.302,Timeout or Error
2026-05-30 05:12,Playlist,Failed,0.009,Timeout or Error
2026-05-30 07:24,Video,Failed,0.332,Timeout or Error
2026-05-30 07:24,Search,Failed,0.354,Timeout or Error
2026-05-30 07:24,Channel,Failed,4.242,Timeout or Error
2026-05-30 07:24,Comments,Failed,0.245,Timeout or Error
2026-05-30 07:24,Playlist,Failed,0.374,Timeout or Error
2026-05-30 09:04,Video,Failed,0.351,Timeout or Error
2026-05-30 09:04,Search,Failed,0.122,Timeout or Error
2026-05-30 09:04,Channel,Failed,0.245,Timeout or Error
2026-05-30 09:04,Comments,Failed,0.352,Timeout or Error
2026-05-30 09:04,Playlist,Failed,0.347,Timeout or Error
2026-05-30 13:46,Video,Failed,0.004,Timeout or Error
2026-05-30 13:46,Search,Failed,0.341,Timeout or Error
2026-05-30 13:46,Channel,Failed,0.378,Timeout or Error
2026-05-30 13:46,Comments,Failed,0.353,Timeout or Error
2026-05-30 13:46,Playlist,Failed,0.005,Timeout or Error
2026-05-30 16:36,Video,Failed,0.291,Timeout or Error
2026-05-30 16:36,Search,Failed,0.303,Timeout or Error
2026-05-30 16:36,Channel,Failed,0.303,Timeout or Error
2026-05-30 16:36,Comments,Failed,0.004,Timeout or Error
2026-05-30 16:36,Playlist,Failed,0.297,Timeout or Error
2026-05-30 18:53,Video,Failed,0.339,Timeout or Error
2026-05-30 18:53,Search,Failed,0.439,Timeout or Error
2026-05-30 18:53,Channel,Failed,0.438,Timeout or Error
2026-05-30 18:53,Comments,Failed,0.441,Timeout or Error
2026-05-30 18:53,Playlist,Failed,0.465,Timeout or Error
2026-05-30 20:15,Video,Failed,0.354,Timeout or Error
2026-05-30 20:15,Search,Failed,0.11,Timeout or Error
2026-05-30 20:15,Channel,Failed,0.344,Timeout or Error
2026-05-30 20:15,Comments,Failed,0.337,Timeout or Error
2026-05-30 20:15,Playlist,Failed,0.287,Timeout or Error
2026-05-30 22:15,Video,Failed,0.35,Timeout or Error
2026-05-30 22:15,Search,Failed,0.004,Timeout or Error
2026-05-30 22:15,Channel,Failed,0.336,Timeout or Error
2026-05-30 22:15,Comments,Failed,0.129,Timeout or Error
2026-05-30 22:15,Playlist,Failed,0.004,Timeout or Error
2026-05-31 00:01,Video,Failed,0.641,Timeout or Error
2026-05-31 00:01,Search,Failed,0.361,Timeout or Error
2026-05-31 00:01,Channel,Failed,0.004,Timeout or Error
2026-05-31 00:01,Comments,Failed,0.438,Timeout or Error
2026-05-31 00:01,Playlist,Failed,0.005,Timeout or Error
2026-05-31 01:55,Video,Failed,0.484,Timeout or Error
2026-05-31 01:55,Search,Failed,0.003,Timeout or Error
2026-05-31 01:55,Channel,Failed,0.382,Timeout or Error
2026-05-31 01:55,Comments,Failed,0.003,Timeout or Error
2026-05-31 01:55,Playlist,Failed,0.004,Timeout or Error
2026-05-31 03:00,Video,Failed,0.004,Timeout or Error
2026-05-31 03:00,Search,Failed,0.304,Timeout or Error
2026-05-31 03:00,Channel,Failed,0.292,Timeout or Error
2026-05-31 03:00,Comments,Failed,0.395,Timeout or Error
2026-05-31 03:00,Playlist,Failed,0.014,Timeout or Error
2026-05-31 05:04,Video,Failed,0.384,Timeout or Error
2026-05-31 05:04,Search,Failed,0.18,Timeout or Error
2026-05-31 05:04,Channel,Failed,0.004,Timeout or Error
2026-05-31 05:04,Comments,Failed,0.386,Timeout or Error
2026-05-31 05:04,Playlist,Failed,0.004,Timeout or Error
2026-05-31 06:55,Video,Failed,0.286,Timeout or Error
2026-05-31 06:55,Search,Failed,0.466,Timeout or Error
2026-05-31 06:55,Channel,Failed,0.31,Timeout or Error
2026-05-31 06:55,Comments,Failed,0.424,Timeout or Error
2026-05-31 06:55,Playlist,Failed,0.273,Timeout or Error
2026-05-31 07:55,Video,Failed,0.447,Timeout or Error
2026-05-31 07:55,Search,Failed,0.429,Timeout or Error
2026-05-31 07:55,Channel,Failed,0.003,Timeout or Error
2026-05-31 07:55,Comments,Failed,0.008,Timeout or Error
2026-05-31 07:55,Playlist,Failed,0.004,Timeout or Error
2026-05-31 08:57,Video,Failed,0.337,Timeout or Error
2026-05-31 08:57,Search,Failed,0.34,Timeout or Error
2026-05-31 08:57,Channel,Failed,0.297,Timeout or Error
2026-05-31 08:57,Comments,Failed,0.318,Timeout or Error
2026-05-31 08:57,Playlist,Failed,0.303,Timeout or Error
2026-05-31 12:54,Video,Failed,0.145,Timeout or Error
2026-05-31 12:54,Search,Failed,0.004,Timeout or Error
2026-05-31 12:54,Channel,Failed,0.004,Timeout or Error
2026-05-31 12:54,Comments,Failed,0.364,Timeout or Error
2026-05-31 12:54,Playlist,Failed,0.35,Timeout or Error
2026-05-31 16:40,Video,Failed,0.004,Timeout or Error
2026-05-31 16:40,Search,Failed,0.099,Timeout or Error
2026-05-31 16:40,Channel,Failed,0.251,Timeout or Error
2026-05-31 16:40,Comments,Failed,0.199,Timeout or Error
2026-05-31 16:40,Playlist,Failed,0.37,Timeout or Error
2026-05-31 19:10,Video,Failed,0.337,Timeout or Error
2026-05-31 19:10,Search,Failed,0.005,Timeout or Error
2026-05-31 19:10,Channel,Failed,0.321,Timeout or Error
2026-05-31 19:10,Comments,Failed,0.003,Timeout or Error
2026-05-31 19:10,Playlist,Failed,0.252,Timeout or Error
2026-05-31 21:07,Video,Failed,0.528,Timeout or Error
2026-05-31 21:07,Search,Failed,0.337,Timeout or Error
2026-05-31 21:07,Channel,Failed,0.318,Timeout or Error
2026-05-31 21:07,Comments,Failed,0.004,Timeout or Error
2026-05-31 21:07,Playlist,Failed,0.243,Timeout or Error
2026-05-31 23:27,Video,Failed,0.287,Timeout or Error
2026-05-31 23:27,Search,Failed,0.372,Timeout or Error
2026-05-31 23:27,Channel,Failed,0.364,Timeout or Error
2026-05-31 23:27,Comments,Failed,0.282,Timeout or Error
2026-05-31 23:27,Playlist,Failed,0.142,Timeout or Error
2026-06-01 01:01,Video,Failed,0.344,Timeout or Error
2026-06-01 01:01,Search,Failed,0.274,Timeout or Error
2026-06-01 01:01,Channel,Failed,0.147,Timeout or Error
2026-06-01 01:01,Comments,Failed,0.005,Timeout or Error
2026-06-01 01:01,Playlist,Failed,0.005,Timeout or Error
2026-06-01 02:56,Video,Failed,0.004,Timeout or Error
2026-06-01 02:56,Search,Failed,0.324,Timeout or Error
2026-06-01 02:56,Channel,Failed,0.118,Timeout or Error
2026-06-01 02:56,Comments,Failed,0.325,Timeout or Error
2026-06-01 02:56,Playlist,Failed,0.349,Timeout or Error
2026-06-01 04:13,Video,Failed,0.35,Timeout or Error
2026-06-01 04:13,Search,Failed,0.328,Timeout or Error
2026-06-01 04:13,Channel,Failed,0.339,Timeout or Error
2026-06-01 04:13,Comments,Failed,0.288,Timeout or Error
2026-06-01 04:13,Playlist,Failed,0.341,Timeout or Error
2026-06-01 05:53,Video,Failed,0.477,Timeout or Error
2026-06-01 05:53,Search,Failed,0.571,Timeout or Error
2026-06-01 05:53,Channel,Failed,0.472,Timeout or Error
2026-06-01 05:53,Comments,Failed,0.46,Timeout or Error
2026-06-01 05:53,Playlist,Failed,0.006,Timeout or Error
2026-06-01 06:54,Video,Failed,0.336,Timeout or Error
2026-06-01 06:54,Search,Failed,0.285,Timeout or Error
2026-06-01 06:54,Channel,Failed,0.227,Timeout or Error
2026-06-01 06:54,Comments,Failed,0.359,Timeout or Error
2026-06-01 06:54,Playlist,Failed,0.274,Timeout or Error
2026-06-01 07:55,Video,Failed,0.138,Timeout or Error
2026-06-01 07:55,Search,Failed,0.381,Timeout or Error
2026-06-01 07:55,Channel,Failed,0.132,Timeout or Error
2026-06-01 07:55,Comments,Failed,0.38,Timeout or Error
2026-06-01 07:55,Playlist,Failed,0.004,Timeout or Error
2026-06-01 09:02,Video,Failed,0.487,Timeout or Error
2026-06-01 09:02,Search,Failed,0.862,Timeout or Error
2026-06-01 09:02,Channel,Failed,0.473,Timeout or Error
2026-06-01 09:02,Comments,Failed,0.478,Timeout or Error
2026-06-01 09:02,Playlist,Failed,0.004,Timeout or Error
2026-06-01 14:56,Video,Failed,0.301,Timeout or Error
2026-06-01 14:56,Search,Failed,0.272,Timeout or Error
2026-06-01 14:56,Channel,Failed,0.293,Timeout or Error
2026-06-01 14:56,Comments,Failed,0.292,Timeout or Error
2026-06-01 14:56,Playlist,Failed,0.246,Timeout or Error
2026-06-01 20:28,Video,Failed,0.307,Timeout or Error
2026-06-01 20:28,Search,Failed,0.332,Timeout or Error
2026-06-01 20:28,Channel,Failed,0.004,Timeout or Error
2026-06-01 20:28,Comments,Failed,0.004,Timeout or Error
2026-06-01 20:28,Playlist,Failed,0.35,Timeout or Error
2026-06-02 02:26,Video,Failed,0.36,Timeout or Error
2026-06-02 02:26,Search,Failed,0.249,Timeout or Error
2026-06-02 02:26,Channel,Failed,0.38,Timeout or Error
2026-06-02 02:26,Comments,Failed,0.003,Timeout or Error
2026-06-02 02:26,Playlist,Failed,0.004,Timeout or Error
2026-06-02 06:24,Video,Failed,0.385,Timeout or Error
2026-06-02 06:24,Search,Failed,0.398,Timeout or Error
2026-06-02 06:24,Channel,Failed,0.388,Timeout or Error
2026-06-02 06:24,Comments,Failed,0.004,Timeout or Error
2026-06-02 06:24,Playlist,Failed,0.396,Timeout or Error
2026-06-02 08:23,Video,Failed,0.378,Timeout or Error
2026-06-02 08:23,Search,Failed,0.007,Timeout or Error
2026-06-02 08:23,Channel,Failed,0.009,Timeout or Error
2026-06-02 08:23,Comments,Failed,0.354,Timeout or Error
2026-06-02 08:23,Playlist,Failed,0.004,Timeout or Error
2026-06-02 11:58,Video,Failed,0.353,Timeout or Error
2026-06-02 11:58,Search,Failed,0.331,Timeout or Error
2026-06-02 11:58,Channel,Failed,0.004,Timeout or Error
2026-06-02 11:58,Comments,Failed,0.333,Timeout or Error
2026-06-02 11:58,Playlist,Failed,0.543,Timeout or Error
2026-06-02 16:26,Video,Failed,0.265,Timeout or Error
2026-06-02 16:26,Search,Failed,0.281,Timeout or Error
2026-06-02 16:26,Channel,Failed,0.211,Timeout or Error
2026-06-02 16:26,Comments,Failed,0.113,Timeout or Error
2026-06-02 16:26,Playlist,Failed,0.005,Timeout or Error
2026-06-02 21:00,Video,Failed,0.462,Timeout or Error
2026-06-02 21:00,Search,Failed,0.004,Timeout or Error
2026-06-02 21:00,Channel,Failed,0.005,Timeout or Error
2026-06-02 21:00,Comments,Failed,0.363,Timeout or Error
2026-06-02 21:00,Playlist,Failed,0.005,Timeout or Error
2026-06-03 01:48,Video,Failed,0.288,Timeout or Error
2026-06-03 01:48,Search,Failed,0.622,Timeout or Error
2026-06-03 01:48,Channel,Failed,0.377,Timeout or Error
2026-06-03 01:48,Comments,Failed,0.645,Timeout or Error
2026-06-03 01:48,Playlist,Failed,0.379,Timeout or Error
2026-06-03 05:04,Video,Failed,0.12,Timeout or Error
2026-06-03 05:04,Search,Failed,0.141,Timeout or Error
2026-06-03 05:04,Channel,Failed,0.335,Timeout or Error
2026-06-03 05:04,Comments,Failed,0.371,Timeout or Error
2026-06-03 05:04,Playlist,Failed,0.349,Timeout or Error
2026-06-03 07:57,Video,Failed,0.344,Timeout or Error
2026-06-03 07:57,Search,Failed,0.336,Timeout or Error
2026-06-03 07:57,Channel,Failed,0.388,Timeout or Error
2026-06-03 07:57,Comments,Failed,0.003,Timeout or Error
2026-06-03 07:57,Playlist,Failed,0.003,Timeout or Error
2026-06-03 09:27,Video,Failed,0.35,Timeout or Error
2026-06-03 09:27,Search,Failed,0.12,Timeout or Error
2026-06-03 09:27,Channel,Failed,0.004,Timeout or Error
2026-06-03 09:27,Comments,Failed,0.332,Timeout or Error
2026-06-03 09:27,Playlist,Failed,0.34,Timeout or Error
2026-06-03 14:59,Video,Failed,0.292,Timeout or Error
2026-06-03 14:59,Search,Failed,0.296,Timeout or Error
2026-06-03 14:59,Channel,Failed,0.293,Timeout or Error
2026-06-03 14:59,Comments,Failed,0.295,Timeout or Error
2026-06-03 14:59,Playlist,Failed,0.004,Timeout or Error
2026-06-03 20:10,Video,Failed,0.29,Timeout or Error
2026-06-03 20:10,Search,Failed,0.224,Timeout or Error
2026-06-03 20:10,Channel,Failed,0.317,Timeout or Error
2026-06-03 20:10,Comments,Failed,0.009,Timeout or Error
2026-06-03 20:10,Playlist,Failed,0.28,Timeout or Error
2026-06-04 01:26,Video,Failed,0.387,Timeout or Error
2026-06-04 01:26,Search,Failed,0.319,Timeout or Error
2026-06-04 01:26,Channel,Failed,0.409,Timeout or Error
2026-06-04 01:26,Comments,Failed,0.307,Timeout or Error
2026-06-04 01:26,Playlist,Failed,0.004,Timeout or Error
2026-06-04 05:14,Video,Failed,0.317,Timeout or Error
2026-06-04 05:14,Search,Failed,0.378,Timeout or Error
2026-06-04 05:14,Channel,Failed,0.344,Timeout or Error
2026-06-04 05:14,Comments,Failed,0.349,Timeout or Error
2026-06-04 05:14,Playlist,Failed,0.235,Timeout or Error
2026-06-04 08:01,Video,Failed,0.301,Timeout or Error
2026-06-04 08:01,Search,Failed,0.24,Timeout or Error
2026-06-04 08:01,Channel,Failed,0.322,Timeout or Error
2026-06-04 08:01,Comments,Failed,0.004,Timeout or Error
2026-06-04 08:01,Playlist,Failed,0.004,Timeout or Error
2026-06-04 12:28,Video,Failed,0.337,Timeout or Error
2026-06-04 12:28,Search,Failed,0.25,Timeout or Error
2026-06-04 12:28,Channel,Failed,0.296,Timeout or Error
2026-06-04 12:28,Comments,Failed,0.227,Timeout or Error
2026-06-04 12:28,Playlist,Failed,0.304,Timeout or Error
2026-06-04 17:14,Video,Failed,0.375,Timeout or Error
2026-06-04 17:14,Search,Failed,0.004,Timeout or Error
2026-06-04 17:14,Channel,Failed,0.374,Timeout or Error
2026-06-04 17:14,Comments,Failed,0.004,Timeout or Error
2026-06-04 17:14,Playlist,Failed,0.127,Timeout or Error
2026-06-04 20:47,Video,Failed,0.729,Timeout or Error
2026-06-04 20:47,Search,Failed,0.004,Timeout or Error
2026-06-04 20:47,Channel,Failed,0.332,Timeout or Error
2026-06-04 20:47,Comments,Failed,0.004,Timeout or Error
2026-06-04 20:47,Playlist,Failed,0.004,Timeout or Error
2026-06-04 23:44,Video,Failed,0.306,Timeout or Error
2026-06-04 23:44,Search,Failed,3.68,Timeout or Error
2026-06-04 23:44,Channel,Failed,0.291,Timeout or Error
2026-06-04 23:44,Comments,Failed,0.31,Timeout or Error
2026-06-04 23:44,Playlist,Failed,0.004,Timeout or Error
2026-06-05 02:40,Video,Failed,0.285,Timeout or Error
2026-06-05 02:40,Search,Failed,0.102,Timeout or Error
2026-06-05 02:40,Channel,Failed,0.341,Timeout or Error
2026-06-05 02:40,Comments,Failed,0.356,Timeout or Error
2026-06-05 02:40,Playlist,Failed,0.298,Timeout or Error
2026-06-05 04:57,Video,Failed,0.294,Timeout or Error
2026-06-05 04:57,Search,Failed,0.293,Timeout or Error
2026-06-05 04:57,Channel,Failed,0.004,Timeout or Error
2026-06-05 04:57,Comments,Failed,0.294,Timeout or Error
2026-06-05 04:57,Playlist,Failed,0.258,Timeout or Error
2026-06-05 06:41,Video,Failed,0.296,Timeout or Error
2026-06-05 06:41,Search,Failed,0.349,Timeout or Error
2026-06-05 06:41,Channel,Failed,0.004,Timeout or Error
2026-06-05 06:41,Comments,Failed,0.302,Timeout or Error
2026-06-05 06:41,Playlist,Failed,0.345,Timeout or Error
2026-06-05 08:04,Video,Failed,0.004,Timeout or Error
2026-06-05 08:04,Search,Failed,3.523,Timeout or Error
2026-06-05 08:04,Channel,Failed,0.124,Timeout or Error
2026-06-05 08:04,Comments,Failed,0.004,Timeout or Error
2026-06-05 08:04,Playlist,Failed,0.368,Timeout or Error
2026-06-05 11:50,Video,Failed,0.27,Timeout or Error
2026-06-05 11:50,Search,Failed,0.345,Timeout or Error
2026-06-05 11:50,Channel,Failed,0.323,Timeout or Error
2026-06-05 11:50,Comments,Failed,0.372,Timeout or Error
2026-06-05 11:50,Playlist,Failed,0.007,Timeout or Error
2026-06-05 16:03,Video,Failed,0.342,Timeout or Error
2026-06-05 16:03,Search,Failed,0.324,Timeout or Error
2026-06-05 16:03,Channel,Failed,4.514,Timeout or Error
2026-06-05 16:03,Comments,Failed,0.272,Timeout or Error
2026-06-05 16:03,Playlist,Failed,0.294,Timeout or Error
2026-06-05 20:21,Video,Failed,0.276,Timeout or Error
2026-06-05 20:21,Search,Failed,0.274,Timeout or Error
2026-06-05 20:21,Channel,Failed,0.218,Timeout or Error
2026-06-05 20:21,Comments,Failed,0.004,Timeout or Error
2026-06-05 20:21,Playlist,Failed,0.537,Timeout or Error
2026-06-05 23:35,Video,Failed,4.639,Timeout or Error
2026-06-05 23:35,Search,Failed,0.013,Timeout or Error
2026-06-05 23:35,Channel,Failed,0.258,Timeout or Error
2026-06-05 23:35,Comments,Failed,0.258,Timeout or Error
2026-06-05 23:35,Playlist,Failed,0.004,Timeout or Error
2026-06-06 02:11,Video,Failed,0.331,Timeout or Error
2026-06-06 02:11,Search,Failed,0.005,Timeout or Error
2026-06-06 02:11,Channel,Failed,3.586,Timeout or Error
2026-06-06 02:11,Comments,Failed,4.953,Timeout or Error
2026-06-06 02:11,Playlist,Failed,0.297,Timeout or Error
2026-06-06 04:46,Video,Failed,0.289,Timeout or Error
2026-06-06 04:46,Search,Failed,0.348,Timeout or Error
2026-06-06 04:46,Channel,Failed,0.004,Timeout or Error
2026-06-06 04:46,Comments,Failed,0.289,Timeout or Error
2026-06-06 04:46,Playlist,Failed,0.004,Timeout or Error
2026-06-06 06:20,Video,Failed,0.258,Timeout or Error
2026-06-06 06:20,Search,Failed,0.337,Timeout or Error
2026-06-06 06:20,Channel,Failed,0.328,Timeout or Error
2026-06-06 06:20,Comments,Failed,0.359,Timeout or Error
2026-06-06 06:20,Playlist,Failed,0.318,Timeout or Error
2026-06-06 08:01,Video,Failed,0.322,Timeout or Error
2026-06-06 08:01,Search,Failed,0.322,Timeout or Error
2026-06-06 08:01,Channel,Failed,4.471,Timeout or Error
2026-06-06 08:01,Comments,Failed,0.343,Timeout or Error
2026-06-06 08:01,Playlist,Failed,0.215,Timeout or Error
2026-06-06 11:37,Video,Failed,2.952,Timeout or Error
2026-06-06 11:37,Search,Failed,0.142,Timeout or Error
2026-06-06 11:37,Channel,Failed,0.494,Timeout or Error
2026-06-06 11:37,Comments,Failed,0.323,Timeout or Error
2026-06-06 11:37,Playlist,Failed,0.004,Timeout or Error
2026-06-06 15:24,Video,Failed,0.327,Timeout or Error
2026-06-06 15:24,Search,Failed,0.099,Timeout or Error
2026-06-06 15:24,Channel,Failed,0.224,Timeout or Error
2026-06-06 15:24,Comments,Failed,0.339,Timeout or Error
2026-06-06 15:24,Playlist,Failed,0.285,Timeout or Error
2026-06-06 18:21,Video,Failed,0.226,Timeout or Error
2026-06-06 18:21,Search,Failed,0.291,Timeout or Error
2026-06-06 18:21,Channel,Failed,0.3,Timeout or Error
2026-06-06 18:21,Comments,Failed,0.274,Timeout or Error
2026-06-06 18:21,Playlist,Failed,0.276,Timeout or Error
2026-06-06 20:20,Video,Failed,0.404,Timeout or Error
2026-06-06 20:20,Search,Failed,0.411,Timeout or Error
2026-06-06 20:20,Channel,Failed,0.004,Timeout or Error
2026-06-06 20:20,Comments,Failed,0.004,Timeout or Error
2026-06-06 20:20,Playlist,Failed,0.006,Timeout or Error
2026-06-06 22:19,Video,Failed,0.101,Timeout or Error
2026-06-06 22:19,Search,Failed,0.293,Timeout or Error
2026-06-06 22:19,Channel,Failed,0.005,Timeout or Error
2026-06-06 22:19,Comments,Failed,0.27,Timeout or Error
2026-06-06 22:19,Playlist,Failed,0.284,Timeout or Error
2026-06-07 00:09,Video,Failed,0.437,Timeout or Error
2026-06-07 00:09,Search,Failed,0.445,Timeout or Error
2026-06-07 00:09,Channel,Failed,0.307,Timeout or Error
2026-06-07 00:09,Comments,Failed,0.004,Timeout or Error
2026-06-07 00:09,Playlist,Failed,0.003,Timeout or Error
2026-06-07 02:05,Video,Failed,0.463,Timeout or Error
2026-06-07 02:05,Search,Failed,0.003,Timeout or Error
2026-06-07 02:05,Channel,Failed,0.003,Timeout or Error
2026-06-07 02:05,Comments,Failed,0.354,Timeout or Error
2026-06-07 02:05,Playlist,Failed,0.353,Timeout or Error
2026-06-07 04:11,Video,Failed,0.436,Timeout or Error
2026-06-07 04:11,Search,Failed,0.452,Timeout or Error
2026-06-07 04:11,Channel,Failed,0.004,Timeout or Error
2026-06-07 04:11,Comments,Failed,0.004,Timeout or Error
2026-06-07 04:11,Playlist,Failed,0.433,Timeout or Error
2026-06-07 05:57,Video,Failed,0.224,Timeout or Error
2026-06-07 05:57,Search,Failed,0.007,Timeout or Error
2026-06-07 05:57,Channel,Failed,0.332,Timeout or Error
2026-06-07 05:57,Comments,Failed,0.315,Timeout or Error
2026-06-07 05:57,Playlist,Failed,0.199,Timeout or Error
2026-06-07 07:03,Video,Failed,0.215,Timeout or Error
2026-06-07 07:03,Search,Failed,0.205,Timeout or Error
2026-06-07 07:03,Channel,Failed,0.234,Timeout or Error
2026-06-07 07:03,Comments,Failed,0.295,Timeout or Error
2026-06-07 07:03,Playlist,Failed,0.238,Timeout or Error
2026-06-07 08:59,Video,Failed,0.409,Timeout or Error
2026-06-07 08:59,Search,Failed,0.403,Timeout or Error
2026-06-07 08:59,Channel,Failed,0.274,Timeout or Error
2026-06-07 08:59,Comments,Failed,0.465,Timeout or Error
2026-06-07 08:59,Playlist,Failed,0.274,Timeout or Error
2026-06-07 13:22,Video,Failed,3.561,Timeout or Error
2026-06-07 13:22,Search,Failed,0.418,Timeout or Error
2026-06-07 13:22,Channel,Failed,0.226,Timeout or Error
2026-06-07 13:22,Comments,Failed,0.342,Timeout or Error
2026-06-07 13:22,Playlist,Failed,0.241,Timeout or Error
2026-06-07 17:20,Video,Failed,0.276,Timeout or Error
2026-06-07 17:20,Search,Failed,0.335,Timeout or Error
2026-06-07 17:20,Channel,Failed,0.498,Timeout or Error
2026-06-07 17:20,Comments,Failed,0.005,Timeout or Error
2026-06-07 17:20,Playlist,Failed,0.276,Timeout or Error
2026-06-07 20:04,Video,Failed,0.46,Timeout or Error
2026-06-07 20:04,Search,Failed,0.308,Timeout or Error
2026-06-07 20:04,Channel,Failed,0.356,Timeout or Error
2026-06-07 20:04,Comments,Failed,0.431,Timeout or Error
2026-06-07 20:04,Playlist,Failed,0.004,Timeout or Error
2026-06-07 22:29,Video,Failed,0.449,Timeout or Error
2026-06-07 22:29,Search,Failed,0.005,Timeout or Error
2026-06-07 22:29,Channel,Failed,0.309,Timeout or Error
2026-06-07 22:29,Comments,Failed,0.008,Timeout or Error
2026-06-07 22:29,Playlist,Failed,0.01,Timeout or Error
2026-06-08 00:20,Video,Failed,0.354,Timeout or Error
2026-06-08 00:20,Search,Failed,0.326,Timeout or Error
2026-06-08 00:20,Channel,Failed,0.278,Timeout or Error
2026-06-08 00:20,Comments,Failed,0.339,Timeout or Error
2026-06-08 00:20,Playlist,Failed,0.276,Timeout or Error
2026-06-08 02:08,Video,Failed,0.004,Timeout or Error
2026-06-08 02:08,Search,Failed,0.808,Timeout or Error
2026-06-08 02:08,Channel,Failed,0.004,Timeout or Error
2026-06-08 02:08,Comments,Failed,0.183,Timeout or Error
2026-06-08 02:08,Playlist,Failed,0.387,Timeout or Error
2026-06-08 04:12,Video,Failed,0.448,Timeout or Error
2026-06-08 04:12,Search,Failed,0.427,Timeout or Error
2026-06-08 04:12,Channel,Failed,0.35,Timeout or Error
2026-06-08 04:12,Comments,Failed,0.004,Timeout or Error
2026-06-08 04:12,Playlist,Failed,0.004,Timeout or Error
2026-06-08 06:05,Video,Failed,0.16,Timeout or Error
2026-06-08 06:05,Search,Failed,0.872,Timeout or Error
2026-06-08 06:05,Channel,Failed,0.395,Timeout or Error
2026-06-08 06:05,Comments,Failed,0.003,Timeout or Error
2026-06-08 06:05,Playlist,Failed,0.337,Timeout or Error
2026-06-08 07:58,Video,Failed,0.455,Timeout or Error
2026-06-08 07:58,Search,Failed,0.449,Timeout or Error
2026-06-08 07:58,Channel,Failed,0.004,Timeout or Error
2026-06-08 07:58,Comments,Failed,0.004,Timeout or Error
2026-06-08 07:58,Playlist,Failed,0.004,Timeout or Error
2026-06-08 09:12,Video,Failed,0.314,Timeout or Error
2026-06-08 09:12,Search,Failed,0.339,Timeout or Error
2026-06-08 09:12,Channel,Failed,0.361,Timeout or Error
2026-06-08 09:12,Comments,Failed,0.004,Timeout or Error
2026-06-08 09:12,Playlist,Failed,0.004,Timeout or Error
2026-06-08 14:26,Video,Failed,0.361,Timeout or Error
2026-06-08 14:26,Search,Failed,0.332,Timeout or Error
2026-06-08 14:26,Channel,Failed,0.145,Timeout or Error
2026-06-08 14:26,Comments,Failed,0.003,Timeout or Error
2026-06-08 14:26,Playlist,Failed,0.009,Timeout or Error
2026-06-08 19:25,Video,Failed,0.265,Timeout or Error
2026-06-08 19:25,Search,Failed,0.004,Timeout or Error
2026-06-08 19:25,Channel,Failed,0.346,Timeout or Error
2026-06-08 19:25,Comments,Failed,0.371,Timeout or Error
2026-06-08 19:25,Playlist,Failed,0.345,Timeout or Error
2026-06-08 23:44,Video,Failed,0.227,Timeout or Error
2026-06-08 23:44,Search,Failed,0.297,Timeout or Error
2026-06-08 23:44,Channel,Failed,0.294,Timeout or Error
2026-06-08 23:44,Comments,Failed,0.004,Timeout or Error
2026-06-08 23:44,Playlist,Failed,0.004,Timeout or Error
2026-06-09 02:47,Video,Failed,0.278,Timeout or Error
2026-06-09 02:47,Search,Failed,0.32,Timeout or Error
2026-06-09 02:47,Channel,Failed,0.275,Timeout or Error
2026-06-09 02:47,Comments,Failed,0.005,Timeout or Error
2026-06-09 02:47,Playlist,Failed,0.005,Timeout or Error
2026-06-09 05:06,Video,Failed,0.227,Timeout or Error
2026-06-09 05:06,Search,Failed,0.338,Timeout or Error
2026-06-09 05:06,Channel,Failed,0.224,Timeout or Error
2026-06-09 05:06,Comments,Failed,0.287,Timeout or Error
2026-06-09 05:06,Playlist,Failed,0.226,Timeout or Error
2026-06-09 07:21,Video,Failed,0.427,Timeout or Error
2026-06-09 07:21,Search,Failed,0.14,Timeout or Error
2026-06-09 07:21,Channel,Failed,0.42,Timeout or Error
2026-06-09 07:21,Comments,Failed,0.006,Timeout or Error
2026-06-09 07:21,Playlist,Failed,0.011,Timeout or Error
2026-06-09 09:00,Video,Failed,0.226,Timeout or Error
2026-06-09 09:00,Search,Failed,4.829,Timeout or Error
2026-06-09 09:00,Channel,Failed,0.32,Timeout or Error
2026-06-09 09:00,Comments,Failed,0.245,Timeout or Error
2026-06-09 09:00,Playlist,Failed,0.005,Timeout or Error
2026-06-09 13:59,Video,Failed,0.3,Timeout or Error
2026-06-09 13:59,Search,Failed,0.276,Timeout or Error
2026-06-09 13:59,Channel,Failed,0.392,Timeout or Error
2026-06-09 13:59,Comments,Failed,0.276,Timeout or Error
2026-06-09 13:59,Playlist,Failed,0.004,Timeout or Error
2026-06-09 17:34,Video,Failed,0.207,Timeout or Error
2026-06-09 17:34,Search,Failed,0.005,Timeout or Error
2026-06-09 17:34,Channel,Failed,0.346,Timeout or Error
2026-06-09 17:34,Comments,Failed,0.289,Timeout or Error
2026-06-09 17:34,Playlist,Failed,0.007,Timeout or Error
2026-06-09 20:55,Video,Failed,0.005,Timeout or Error
2026-06-09 20:55,Search,Failed,0.279,Timeout or Error
2026-06-09 20:55,Channel,Failed,0.354,Timeout or Error
2026-06-09 20:55,Comments,Failed,0.323,Timeout or Error
2026-06-09 20:55,Playlist,Failed,0.283,Timeout or Error
2026-06-09 23:41,Video,Failed,0.147,Timeout or Error
2026-06-09 23:41,Search,Failed,0.318,Timeout or Error
2026-06-09 23:41,Channel,Failed,0.362,Timeout or Error
2026-06-09 23:41,Comments,Failed,0.299,Timeout or Error
2026-06-09 23:41,Playlist,Failed,0.244,Timeout or Error
2026-06-10 02:21,Video,Failed,0.366,Timeout or Error
2026-06-10 02:21,Search,Failed,0.224,Timeout or Error
2026-06-10 02:21,Channel,Failed,0.198,Timeout or Error
2026-06-10 02:21,Comments,Failed,0.275,Timeout or Error
2026-06-10 02:21,Playlist,Failed,0.004,Timeout or Error
2026-06-10 05:00,Video,Failed,0.257,Timeout or Error
2026-06-10 05:00,Search,Failed,0.282,Timeout or Error
2026-06-10 05:00,Channel,Failed,0.227,Timeout or Error
2026-06-10 05:00,Comments,Failed,0.254,Timeout or Error
2026-06-10 05:00,Playlist,Failed,0.34,Timeout or Error
2026-06-10 07:18,Video,Failed,4.569,Timeout or Error
2026-06-10 07:18,Search,Failed,0.213,Timeout or Error
2026-06-10 07:18,Channel,Failed,0.262,Timeout or Error
2026-06-10 07:18,Comments,Failed,0.004,Timeout or Error
2026-06-10 07:18,Playlist,Failed,0.004,Timeout or Error
2026-06-10 09:06,Video,Failed,0.004,Timeout or Error
2026-06-10 09:06,Search,Failed,0.316,Timeout or Error
2026-06-10 09:06,Channel,Failed,0.316,Timeout or Error
2026-06-10 09:06,Comments,Failed,0.472,Timeout or Error
2026-06-10 09:06,Playlist,Failed,0.15,Timeout or Error
2026-06-10 14:11,Video,Failed,0.339,Timeout or Error
2026-06-10 14:11,Search,Failed,0.322,Timeout or Error
2026-06-10 14:11,Channel,Failed,0.004,Timeout or Error
2026-06-10 14:11,Comments,Failed,0.272,Timeout or Error
2026-06-10 14:11,Playlist,Failed,0.271,Timeout or Error
2026-06-10 18:46,Video,Failed,0.326,Timeout or Error
2026-06-10 18:46,Search,Failed,0.437,Timeout or Error
2026-06-10 18:46,Channel,Failed,0.004,Timeout or Error
2026-06-10 18:46,Comments,Failed,0.004,Timeout or Error
2026-06-10 18:46,Playlist,Failed,0.007,Timeout or Error
2026-06-10 21:50,Video,Failed,0.101,Timeout or Error
2026-06-10 21:50,Search,Failed,0.004,Timeout or Error
2026-06-10 21:50,Channel,Failed,0.21,Timeout or Error
2026-06-10 21:50,Comments,Failed,0.221,Timeout or Error
2026-06-10 21:50,Playlist,Failed,0.148,Timeout or Error
2026-06-11 01:30,Video,Failed,0.004,Timeout or Error
2026-06-11 01:30,Search,Failed,0.333,Timeout or Error
2026-06-11 01:30,Channel,Failed,0.004,Timeout or Error
2026-06-11 01:30,Comments,Failed,0.393,Timeout or Error
2026-06-11 01:30,Playlist,Failed,0.487,Timeout or Error
2026-06-11 04:29,Video,Failed,0.471,Timeout or Error
2026-06-11 04:29,Search,Failed,0.167,Timeout or Error
2026-06-11 04:29,Channel,Failed,0.335,Timeout or Error
2026-06-11 04:29,Comments,Failed,0.167,Timeout or Error
2026-06-11 04:29,Playlist,Failed,0.004,Timeout or Error
2026-06-11 06:53,Video,Failed,0.492,Timeout or Error
2026-06-11 06:53,Search,Failed,0.394,Timeout or Error
2026-06-11 06:53,Channel,Failed,0.159,Timeout or Error
2026-06-11 06:53,Comments,Failed,0.336,Timeout or Error
2026-06-11 06:53,Playlist,Failed,0.46,Timeout or Error
2026-06-11 08:21,Video,Failed,0.319,Timeout or Error
2026-06-11 08:21,Search,Failed,0.231,Timeout or Error
2026-06-11 08:21,Channel,Failed,0.298,Timeout or Error
2026-06-11 08:21,Comments,Failed,0.106,Timeout or Error
2026-06-11 08:21,Playlist,Failed,0.269,Timeout or Error
2026-06-11 12:21,Video,Failed,0.107,Timeout or Error
2026-06-11 12:21,Search,Failed,0.359,Timeout or Error
2026-06-11 12:21,Channel,Failed,0.005,Timeout or Error
2026-06-11 12:21,Comments,Failed,0.21,Timeout or Error
2026-06-11 12:21,Playlist,Failed,0.345,Timeout or Error
2026-06-11 17:38,Video,Failed,4.196,Timeout or Error
2026-06-11 17:38,Search,Failed,0.346,Timeout or Error
2026-06-11 17:38,Channel,Failed,0.348,Timeout or Error
2026-06-11 17:38,Comments,Failed,0.271,Timeout or Error
2026-06-11 17:38,Playlist,Failed,0.371,Timeout or Error
2026-06-11 21:39,Video,Failed,0.337,Timeout or Error
2026-06-11 21:39,Search,Failed,0.28,Timeout or Error
2026-06-11 21:39,Channel,Failed,0.104,Timeout or Error
2026-06-11 21:39,Comments,Failed,0.488,Timeout or Error
2026-06-11 21:39,Playlist,Failed,0.004,Timeout or Error
2026-06-12 01:47,Video,Failed,0.344,Timeout or Error
2026-06-12 01:47,Search,Failed,0.329,Timeout or Error
2026-06-12 01:47,Channel,Failed,0.003,Timeout or Error
2026-06-12 01:47,Comments,Failed,0.332,Timeout or Error
2026-06-12 01:47,Playlist,Failed,0.003,Timeout or Error
2026-06-12 04:30,Video,Failed,0.465,Timeout or Error
2026-06-12 04:30,Search,Failed,0.004,Timeout or Error
2026-06-12 04:30,Channel,Failed,0.5,Timeout or Error
2026-06-12 04:30,Comments,Failed,0.332,Timeout or Error
2026-06-12 04:30,Playlist,Failed,0.651,Timeout or Error
2026-06-12 06:56,Video,Failed,0.231,Timeout or Error
2026-06-12 06:56,Search,Failed,0.346,Timeout or Error
2026-06-12 06:56,Channel,Failed,0.341,Timeout or Error
2026-06-12 06:56,Comments,Failed,0.196,Timeout or Error
2026-06-12 06:56,Playlist,Failed,0.335,Timeout or Error
2026-06-12 08:18,Video,Failed,0.315,Timeout or Error
2026-06-12 08:18,Search,Failed,0.428,Timeout or Error
2026-06-12 08:18,Channel,Failed,0.433,Timeout or Error
2026-06-12 08:18,Comments,Failed,0.004,Timeout or Error
2026-06-12 08:18,Playlist,Failed,0.003,Timeout or Error
2026-06-12 11:56,Video,Failed,0.114,Timeout or Error
2026-06-12 11:56,Search,Failed,0.295,Timeout or Error
2026-06-12 11:56,Channel,Failed,0.003,Timeout or Error
2026-06-12 11:56,Comments,Failed,0.015,Timeout or Error
2026-06-12 11:56,Playlist,Failed,0.351,Timeout or Error
2026-06-12 16:22,Video,Failed,0.349,Timeout or Error
2026-06-12 16:22,Search,Failed,0.216,Timeout or Error
2026-06-12 16:22,Channel,Failed,0.006,Timeout or Error
2026-06-12 16:22,Comments,Failed,0.28,Timeout or Error
2026-06-12 16:22,Playlist,Failed,0.004,Timeout or Error
2026-06-12 20:40,Video,Failed,0.493,Timeout or Error
2026-06-12 20:40,Search,Failed,0.004,Timeout or Error
2026-06-12 20:40,Channel,Failed,0.004,Timeout or Error
2026-06-12 20:40,Comments,Failed,0.971,Timeout or Error
2026-06-12 20:40,Playlist,Failed,0.804,Timeout or Error
2026-06-12 23:45,Video,Failed,0.39,Timeout or Error
2026-06-12 23:45,Search,Failed,0.494,Timeout or Error
2026-06-12 23:45,Channel,Failed,0.004,Timeout or Error
2026-06-12 23:45,Comments,Failed,0.397,Timeout or Error
2026-06-12 23:45,Playlist,Failed,0.003,Timeout or Error
2026-06-13 02:34,Video,Failed,0.287,Timeout or Error
2026-06-13 02:34,Search,Failed,0.119,Timeout or Error
2026-06-13 02:34,Channel,Failed,0.004,Timeout or Error
2026-06-13 02:34,Comments,Failed,0.371,Timeout or Error
2026-06-13 02:34,Playlist,Failed,0.239,Timeout or Error
2026-06-13 05:01,Video,Failed,0.367,Timeout or Error
2026-06-13 05:01,Search,Failed,0.489,Timeout or Error
2026-06-13 05:01,Channel,Failed,0.156,Timeout or Error
2026-06-13 05:01,Comments,Failed,0.014,Timeout or Error
2026-06-13 05:01,Playlist,Failed,0.015,Timeout or Error
2026-06-13 07:20,Video,Failed,0.285,Timeout or Error
2026-06-13 07:20,Search,Failed,0.005,Timeout or Error
2026-06-13 07:20,Channel,Failed,0.236,Timeout or Error
2026-06-13 07:20,Comments,Failed,0.212,Timeout or Error
2026-06-13 07:20,Playlist,Failed,0.284,Timeout or Error
2026-06-13 09:16,Video,Failed,0.277,Timeout or Error
2026-06-13 09:16,Search,Failed,0.268,Timeout or Error
2026-06-13 09:16,Channel,Failed,0.264,Timeout or Error
2026-06-13 09:16,Comments,Failed,0.281,Timeout or Error
2026-06-13 09:16,Playlist,Failed,0.004,Timeout or Error
2026-06-13 14:16,Video,Failed,0.47,Timeout or Error
2026-06-13 14:16,Search,Failed,0.004,Timeout or Error
2026-06-13 14:16,Channel,Failed,0.003,Timeout or Error
2026-06-13 14:16,Comments,Failed,0.191,Timeout or Error
2026-06-13 14:16,Playlist,Failed,0.369,Timeout or Error
2026-06-13 17:50,Video,Failed,0.494,Timeout or Error
2026-06-13 17:50,Search,Failed,0.004,Timeout or Error
2026-06-13 17:50,Channel,Failed,0.168,Timeout or Error
2026-06-13 17:50,Comments,Failed,0.49,Timeout or Error
2026-06-13 17:50,Playlist,Failed,0.498,Timeout or Error
2026-06-13 20:10,Video,Failed,0.33,Timeout or Error
2026-06-13 20:10,Search,Failed,0.326,Timeout or Error
2026-06-13 20:10,Channel,Failed,0.326,Timeout or Error
2026-06-13 20:10,Comments,Failed,0.439,Timeout or Error
2026-06-13 20:10,Playlist,Failed,0.005,Timeout or Error
2026-06-13 22:47,Video,Failed,0.356,Timeout or Error
2026-06-13 22:47,Search,Failed,0.428,Timeout or Error
2026-06-13 22:47,Channel,Failed,0.004,Timeout or Error
2026-06-13 22:47,Comments,Failed,0.155,Timeout or Error
2026-06-13 22:47,Playlist,Failed,0.004,Timeout or Error
2026-06-14 00:28,Video,Failed,0.962,Timeout or Error
2026-06-14 00:28,Search,Failed,0.174,Timeout or Error
2026-06-14 00:28,Channel,Failed,0.004,Timeout or Error
2026-06-14 00:28,Comments,Failed,0.471,Timeout or Error
2026-06-14 00:28,Playlist,Failed,0.004,Timeout or Error
2026-06-14 02:16,Video,Failed,0.362,Timeout or Error
2026-06-14 02:16,Search,Failed,0.345,Timeout or Error
2026-06-14 02:16,Channel,Failed,0.354,Timeout or Error
2026-06-14 02:16,Comments,Failed,0.004,Timeout or Error
2026-06-14 02:16,Playlist,Failed,0.004,Timeout or Error
2026-06-14 04:16,Video,Failed,0.454,Timeout or Error
2026-06-14 04:16,Search,Failed,0.443,Timeout or Error
2026-06-14 04:16,Channel,Failed,0.004,Timeout or Error
2026-06-14 04:16,Comments,Failed,0.448,Timeout or Error
2026-06-14 04:16,Playlist,Failed,0.43,Timeout or Error
2026-06-14 06:08,Video,Failed,0.215,Timeout or Error
2026-06-14 06:08,Search,Failed,0.352,Timeout or Error
2026-06-14 06:08,Channel,Failed,0.004,Timeout or Error
2026-06-14 06:08,Comments,Failed,0.309,Timeout or Error
2026-06-14 06:08,Playlist,Failed,0.565,Timeout or Error
2026-06-14 07:58,Video,Failed,0.263,Timeout or Error
2026-06-14 07:58,Search,Failed,0.355,Timeout or Error
2026-06-14 07:58,Channel,Failed,0.009,Timeout or Error
2026-06-14 07:58,Comments,Failed,0.007,Timeout or Error
2026-06-14 07:58,Playlist,Failed,0.369,Timeout or Error
2026-06-14 09:10,Video,Failed,0.452,Timeout or Error
2026-06-14 09:10,Search,Failed,0.462,Timeout or Error
2026-06-14 09:10,Channel,Failed,0.528,Timeout or Error
2026-06-14 09:10,Comments,Failed,0.003,Timeout or Error
2026-06-14 09:10,Playlist,Failed,0.004,Timeout or Error
2026-06-14 14:27,Video,Failed,0.311,Timeout or Error
2026-06-14 14:27,Search,Failed,0.319,Timeout or Error
2026-06-14 14:27,Channel,Failed,0.004,Timeout or Error
2026-06-14 14:27,Comments,Failed,0.005,Timeout or Error
2026-06-14 14:27,Playlist,Failed,0.098,Timeout or Error
2026-06-14 18:24,Video,Failed,0.147,Timeout or Error
2026-06-14 18:24,Search,Failed,0.23,Timeout or Error
2026-06-14 18:24,Channel,Failed,0.493,Timeout or Error
2026-06-14 18:24,Comments,Failed,0.005,Timeout or Error
2026-06-14 18:24,Playlist,Failed,0.006,Timeout or Error
2026-06-14 20:51,Video,Failed,4.734,Timeout or Error
2026-06-14 20:51,Search,Failed,0.487,Timeout or Error
2026-06-14 20:51,Channel,Failed,0.159,Timeout or Error
2026-06-14 20:51,Comments,Failed,0.486,Timeout or Error
2026-06-14 20:51,Playlist,Failed,0.003,Timeout or Error
2026-06-14 22:49,Video,Failed,0.169,Timeout or Error
2026-06-14 22:49,Search,Failed,0.004,Timeout or Error
2026-06-14 22:49,Channel,Failed,0.963,Timeout or Error
2026-06-14 22:49,Comments,Failed,0.004,Timeout or Error
2026-06-14 22:49,Playlist,Failed,0.004,Timeout or Error
2026-06-15 00:45,Video,Failed,0.433,Timeout or Error
2026-06-15 00:45,Search,Failed,0.408,Timeout or Error
2026-06-15 00:45,Channel,Failed,0.44,Timeout or Error
2026-06-15 00:45,Comments,Failed,0.309,Timeout or Error
2026-06-15 00:45,Playlist,Failed,0.005,Timeout or Error
2026-06-15 02:14,Video,Failed,0.28,Timeout or Error
2026-06-15 02:14,Search,Failed,0.144,Timeout or Error
2026-06-15 02:14,Channel,Failed,0.551,Timeout or Error
2026-06-15 02:14,Comments,Failed,0.346,Timeout or Error
2026-06-15 02:14,Playlist,Failed,0.355,Timeout or Error
2026-06-15 04:16,Video,Failed,0.355,Timeout or Error
2026-06-15 04:16,Search,Failed,0.356,Timeout or Error
2026-06-15 04:16,Channel,Failed,0.319,Timeout or Error
2026-06-15 04:16,Comments,Failed,0.618,Timeout or Error
2026-06-15 04:16,Playlist,Failed,0.323,Timeout or Error
2026-06-15 06:04,Video,Failed,0.139,Timeout or Error
2026-06-15 06:04,Search,Failed,0.418,Timeout or Error
2026-06-15 06:04,Channel,Failed,0.403,Timeout or Error
2026-06-15 06:04,Comments,Failed,0.007,Timeout or Error
2026-06-15 06:04,Playlist,Failed,0.006,Timeout or Error
2026-06-15 08:02,Video,Failed,0.461,Timeout or Error
2026-06-15 08:02,Search,Failed,0.489,Timeout or Error
2026-06-15 08:02,Channel,Failed,0.332,Timeout or Error
2026-06-15 08:02,Comments,Failed,0.004,Timeout or Error
2026-06-15 08:02,Playlist,Failed,0.003,Timeout or Error
2026-06-15 12:35,Video,Failed,0.371,Timeout or Error
2026-06-15 12:35,Search,Failed,0.396,Timeout or Error
2026-06-15 12:35,Channel,Failed,0.138,Timeout or Error
2026-06-15 12:35,Comments,Failed,0.155,Timeout or Error
2026-06-15 12:35,Playlist,Failed,0.004,Timeout or Error
2026-06-15 18:55,Video,Failed,0.353,Timeout or Error
2026-06-15 18:55,Search,Failed,0.376,Timeout or Error
2026-06-15 18:55,Channel,Failed,0.268,Timeout or Error
2026-06-15 18:55,Comments,Failed,0.398,Timeout or Error
2026-06-15 18:55,Playlist,Failed,0.274,Timeout or Error
2026-06-16 00:42,Video,Failed,0.329,Timeout or Error
2026-06-16 00:42,Search,Failed,0.459,Timeout or Error
2026-06-16 00:42,Channel,Failed,0.155,Timeout or Error
2026-06-16 00:42,Comments,Failed,0.004,Timeout or Error
2026-06-16 00:42,Playlist,Failed,0.004,Timeout or Error
2026-06-16 04:41,Video,Failed,0.303,Timeout or Error
2026-06-16 04:41,Search,Failed,0.246,Timeout or Error
2026-06-16 04:41,Channel,Failed,0.28,Timeout or Error
2026-06-16 04:41,Comments,Failed,0.313,Timeout or Error
2026-06-16 04:41,Playlist,Failed,0.292,Timeout or Error
2026-06-16 07:13,Video,Failed,0.461,Timeout or Error
2026-06-16 07:13,Search,Failed,0.003,Timeout or Error
2026-06-16 07:13,Channel,Failed,0.157,Timeout or Error
2026-06-16 07:13,Comments,Failed,0.415,Timeout or Error
2026-06-16 07:13,Playlist,Failed,0.004,Timeout or Error
2026-06-16 09:26,Video,Failed,0.251,Timeout or Error
2026-06-16 09:26,Search,Failed,0.329,Timeout or Error
2026-06-16 09:26,Channel,Failed,0.229,Timeout or Error
2026-06-16 09:26,Comments,Failed,0.236,Timeout or Error
2026-06-16 09:26,Playlist,Failed,0.004,Timeout or Error
2026-06-16 15:28,Video,Failed,0.302,Timeout or Error
2026-06-16 15:28,Search,Failed,0.289,Timeout or Error
2026-06-16 15:28,Channel,Failed,0.269,Timeout or Error
2026-06-16 15:28,Comments,Failed,0.34,Timeout or Error
2026-06-16 15:28,Playlist,Failed,0.321,Timeout or Error
2026-06-16 21:07,Video,Failed,0.282,Timeout or Error
2026-06-16 21:07,Search,Failed,0.003,Timeout or Error
2026-06-16 21:07,Channel,Failed,0.36,Timeout or Error
2026-06-16 21:07,Comments,Failed,0.289,Timeout or Error
2026-06-16 21:07,Playlist,Failed,0.346,Timeout or Error
2026-06-17 02:58,Video,Failed,0.126,Timeout or Error
2026-06-17 02:58,Search,Failed,0.124,Timeout or Error
2026-06-17 02:58,Channel,Failed,0.005,Timeout or Error
2026-06-17 02:58,Comments,Failed,0.125,Timeout or Error
2026-06-17 02:58,Playlist,Failed,0.004,Timeout or Error
2026-06-17 05:57,Video,Failed,0.349,Timeout or Error
2026-06-17 05:57,Search,Failed,0.241,Timeout or Error
2026-06-17 05:57,Channel,Failed,0.004,Timeout or Error
2026-06-17 05:57,Comments,Failed,0.277,Timeout or Error
2026-06-17 05:57,Playlist,Failed,0.349,Timeout or Error
